{
  "roc_auc": 0.9944255627918672,
  "pr_auc": 0.8119134291290309,
  "f1": 0.7234389561975769,
  "recall": 0.8525535420098846,
  "precision": 0.6282881424524484
}